instance,solve_time(s)
26,0.00145006
29,0.00273395
32,0.00222397
34,0.00163293
37,0.00172186
40,0.0022831
42,138.464
45,0.00251794
48,0.00326395
50,0.00267315
53,0.00235891
56,0.00274611
58,0.00258303
61,0.00241804
64,0.00279403
66,0.00310683
69,0.00261784
72,0.00276184
74,234.776
77,234.699
80,246.234
82,232.928
85,0.00436401
88,82.7903
90,301.707
